year,code,comment
2018,02321,"小規模自治体においてオープンデータ提供・公開を実施する効果・メリット・ニーズ等
"
2018,03214,"外部からの要望も無いため手間をかけてまで公開する必要性が今のところ感じられない。
"
2018,03381,"オープンデータの公開による自治体側が得られるメリット部分が今一つ認識が薄く、一方でデータの公開に伴うデータの整理や公開後のデータメンテナンスに掛かる手間や問い合わせ対応増加および人的リソースなどの負荷的なデメリット部分の方が強いイメージがあり、当町では現時点ではオープンデータの取り組みには後ろ向きな考えを持っているところです。

先進事例はみておりますが、実際に自分の市町村のデータを使ってみた場合どういう形になるかがイメージできるデモシステム的なものがあると、もっと具体的にイメージできるように思われます。


"
2018,05346,"近年は各省庁の政策によるＩＣＴ関連事業が数多く実施され、小さい自治体では特にそのほとんどが情報政策担当に集中する。どの事業にも取り組めればよいが、従来業務等から判断し重要度が高いもの、費用対効果が高いもの、業務ボリュームが少ないものなどを優先せざるを得なく、オープンデータの取り組みに着手できない状況である。
データを公開して終わりでは意味がないため、利活用につながるデータの提供・公開を実施するためにも、各セクションの業務ボリュームが増えても取り組むべきと職員の理解が得られるような資料や、ある程度の強制力も必要と考えるため、首長が率先して取り組むべきと感じる資料等も必要と感じる。


"
2018,07000,"オープンデータに対する民間のニーズがわかれば、オープンデータが進むと思われる。
"
2018,11207,"データの収集・更新がままならず、公開に踏み切れないデータが多い。データを定期的に集計する作業にはそれなりのコストがかかるが、公開側のみならず利用側を含めたトータルでみても、コストに見合った効果があるのか。究極的に市民の役に立つのか。理解できなければ他者（庁内のデータを持っている部署）を説得できないので、動けない。

"
2018,12219,"オープンデータを公開はしたが、活用した事例がない。この事業が、事務量に見合うだけの効果があるのか不明確。
"
2018,14366,"・行政負担にみあうメリットがあるか。
"
2018,15205,"公開は必要であると考えているが、既存データの作り替えに係る業務量や公開に当たっての庁内ルール、業務主管課の決定など、業務負荷が大きい割に、効果が見えにくいことが課題だと認識している。
"
2018,15218,"オープンデータ施策に取り組むメリットが見えないため、どうしても団体内の優先順位が低く設定され、検討の段階にまでいたらない。
"
2018,20203,"　現在、市民からデータ提供を求めらる際、紙ベースで資料を渡すことがほとんどであり、これまでも機械判読に適した形式で、データの受け渡しを行ったことは、ほとんどないのが実状です。
　そのため、市民ニーズを第一に考慮した場合、オープンデータの取組みについてはエクセル、ＰＤＦ形式を中心としたデータの提供で十分な状況がしばらく続くと思われます。
　ＩＴ企業が乱立する大都市の自治体であれば、オープンデータに関する民間企業の活動も活発で、自治体との協働によるデータの利活用も進んでいると思われるが、ＩＴ化の進捗が遅れている地方においては、オープンデータに関するメリットを感じることも少なく、そのことがオープンデータ化を妨げる要因になっているのではないかと推測しています。


"
2018,20363,"オープンデータを実施するコストとメリットを明確に知りたい
"
2018,20446,"　ガイドライン等を示されただけでは、利便性や目的がいまいち見えてこない。
"
2018,21206,"オープンデータを提供し利活用されるビジョンが思い浮かばない
"
2018,23201,"自治体側のメリットが不明瞭であり、各課へ協力を得ることが困難な状態です。必要な情報については、No.25に記載してあります。
"
2018,23227,"オープンデータの活用ニーズや実績
"
2018,26202,"データを保有している原課（担当課）にオープンデータを取り組んでもらうための、オープンデータを公開することの明確な意義、メリット。
"
2018,26463,"地元の民間企業から「伊根町が保有する情報をオープンデータで公開してほしい」というニーズが全く無いと考えます。
その中でも時代の流れに沿って出来る限り業務に大きな影響のない範囲でオープンデータの対応は必要になってくると考え、進めていく意向はあります。
京都府で取りまとめて実施していただけることに大変感謝しております。

"
2018,27211,"市民や民間事業所の利用ニーズについて、実際どのくらいあるのか。
"
2018,30205,"オープンデータを公開することによって発生するメリット、デメリットについての情報があれば助かります。今の段階では、オープンデータを公開することによってデータが悪用されるのではないかと懸念しており、それを防ぐ対策等の情報を提供して頂ければ幸いです。また、オープンデータの利活用については色々と紹介されていますが、経済効果等、実際にどれほどのメリットが発生しているのかといった情報もあれば参考になります。

"
2018,30421,"オープンデータを自治体が作成し公開したとしても、それらの作成・公開コストに見合ったメリットが自庁及び民間事業者にあるのか不明である。特に地方の小規模自治体となると、活用できる民間事業者が如何ほどいるか疑問であり、導入をためらいがちになる。
"
2018,34212,"　国や県が主導でマーケティングリサーチを行い、データ利活用の担い手となる
民間事業者のニーズを把握できる情報を提供してほしいです。
　可能であれば、継続的に調査を実施し、時代の趨勢や技術の進歩によるニーズの
変化を捉えることができるようにしていただきたいです。

"
2018,40000,"・自治体職員のメリットの明確化
"
2018,40000,"・民間事業者のデータニーズ
"
2018,42202,"オープンデータの利活用について、公開したオープンデータがどのように利用されているか不明であるため、市民にとって効果がある事業なのかわからない。そのため、職員に負担をかけてまでオープンデータを推進する必要があるのか、疑問に感じる。
"
2018,05210,"どうしても優先順位が低く、限られたリソースを割り当てることができません。少ないリソースで取り組むための方策、又はより多くのリソースを割り当てるための方策が必要です。
オープンデータは推奨データセットなどを活用し、自治体はもちろん官民も横断したデータが提供されることでより高い効果を発揮します。規模の経済が効きやすいともいえます。現在どのような状況にあるのか定かではありませんが、「公共クラウドシステム」のような構想は効果的ではないかと感じています。
標準的な仕様による「力押し」が効きやすいということであり、細かい施策を散発的に繰り返すよりは、大規模な投資により大きく進めた方が良いのではないかと感じています。

"
2018,07207,"オープンデータの利用価値や利便性を考えると、市町村単位で独自にデータ公開するよりも、県レベルで整備された一定のデータ形式、かつ広域のデータ群が、利用者にとっては利用しやすく、喜ばれるものと思います。市町村単位でホームページの情報を「推奨データセット」を基準に公開するという方法もありますが、県主導でデータカタログサイトを設けるなどして、広範囲の公共データを一定の形式で提供できれば、オープンデータ公開の目的でもある「地域課題の解決や経済の活性化」により近づくことができ、利用者のニーズに応えることになると考えます。

"
2018,07308,"「平成32年度までに地方公共団体のオープンデータ取組率100％を目標に推進する」のであれば、各団体での取り組みに温度差が出ないような、横並びで情報共有・連携しながら取り組むことができるような支援・施策がもっと望まれるところ。
"
2018,13109,"東京都内の自治体は面積が小さいため、自治体を超えての人口移動が日常的であるため、求められるオープンデータも特定の自治体内で収まらないものも少なくない。国や都道府県単位での標準データセットの増加が必要である。
また、各自治体が公開インフラを用意していることが多いが、インフラに投資できない自治体などが消極的なこともあり、標準化と合わせて公開インフラを共同利用できる仕組みが必要と考える。

"
2018,14000,"推奨データセットなど、フォーマット統一に向けた取組を国で推進していただいているが、自治体の所管課が保有するデータの記述と異なり、結局は自治体ごとに少しずつ異なるデータが公開されることが想定される。「オープンデータ・バイ・デザイン」の考えに基づき、国が自治体に照会する調査等をオープンデータを前提としたフォーマットにし、国が一括して公開することでデータ活用者の利便性が向上し、オープンデータ活用の活性化に繋がると考える。

"
2018,15224,"オープンデータはデータの種類にもよりますが、概ね市町村単独よりも都道府県などの広域な単位でまとめて公開してあったほうが利用者のニーズや利便性が高いと思われますので、都道府県などが取組み易いかたちで推進していただいたほうが良いのではないでしょうか。

"
2018,15227,"国や県で、情報のとりまとめと公開を実施してほしい。
"
2018,17407,"国が実施している統計調査をオープンデータに対応した形式とし、国が結果として公開することで、自治体間の整備レベルにバラツキのない有効な情報が得られると思われます。
また、各自治体が策定する総合計画の資料編で掲載する根拠データや設問20で例示したような自治体ホームページで開示する情報の量と形式に全国統一規格を設けることで、従来の業務の中で自然とオープンデータが生成され、随時更新される環境ができると思われます。
まずは、新たな取り組みを行わなくても、従来の業務の延長線上で自然とオープンデータが作られ、随時更新し、継続維持できる状態となるような施策の展開、誘導をお願いいたします。

"
2018,21202,"・市町村それぞれで公開していては、利用者は不便ではないか。県域で一括して公開できるよう県がサイトを用意し、各市町村が登録できる仕組みとすべきではないか。
"
2018,26203,"とりまとめを行う部署の負担を軽減するため、各関係省庁から各業務担当課へオープンデータの公開を推進する通知を出していただきたい。
"
2018,27207,"厚労省が所管の法により、医療機関について、市から都道府県にデータを提供し、システムで公開する仕組みがあることと、市民から見た場合、市内市外ともに医療機関を検索するのは当然の行為であるため、市単独でオープンデータとして公開するメリットがない。医療機関一覧については、国または都道府県が一括して公開していただけないでしょうか。

"
2018,27207,"保健衛生分野のオープンデータ化について、担当課の不安感を払拭することが難しく、オープンデータの推進にあたり、推奨データセットについては、所管する省庁が推進するという体制をとっていただけないでしょうか。
"
2018,27210,"上位組織（国や都道府県など）でとりまとめている情報については、上位組織でオープンデータ化を検討いただけると有難い。
国・都道府県・市町村でそれぞれ出している情報に重複があると考えられるので、データ種類等の整理等も必要ではないか。

具体的な例として、標準データセット「医療機関一覧」の事例を以下に挙げる。
医療機関一覧は大阪府でとりまとめを行っている情報であるため、再度、市でオープンデータの形式で公開することは、重複して無駄になる作業であると考えられる。
医療機関一覧については、大阪府で専用システムを運用・一般公開しているが、オープンデータの形式（ＣＳＶ等）で公開を行う方向性がない、と聞いている。


"
2018,28223,"　いわゆる、市町村単独でのカタログサイトでのデータ公開にはデータ利活用の点で限界があるように思いますので、広域的な（都道府県単位ぐらい）範囲での統一的なデータセット基準によるデータ公開により初めて国民（市民）やデータ利活用業者等による新たなビジネスの創出に繋がると考えますので、今後の展開を期待します。（まずは、各市町村がデータをオープンにすることが先決ですが・・・）

"
2018,31201,"求められる形式でのオープンデータを随時更新していくためには、それなりの業務負荷を伴う（必ず既存の形式と二重管理になる）ため、現在の限られた体制では、充実した公開は困難と言わざるを得ない。
この状況を改善するためには、オープンデータ・バイ・デザインの考え方を国が主導して浸透させていくことが不可欠と考える。既存の情報システムの機能に具備することで、機械的にオープンデータ形式でファイルを作成できる仕組みがあれば、職員の負荷を抑えながら、求められるオープンデータを充実させることが可能になる。

"
2018,33663,"厚生労働省の提供している「介護サービス情報講評システム」など、各省庁の公開するデータでもオープンデータになっていないものがある。
市町村事務でないもののオープンデータ化は、所管省庁で行っていただけるとありがたい。

"
2018,36489,"過疎地域の小規模自治体では需要もなく、個別に公開する必要性を感じない。統計データや各種の調査等で主要なデータは都道府県が持っているはずなので、まとめて公開した方が、手間もかからず利用者にとってもわかりやすい。
"
2018,38214,"本来のオーブンデータを民間に活用させていくためには、ひとつの自治体だけの取り組みではダメで、近隣市町、全国の自治体で取り組んでいく必要がある。

また、オーブンデータについての知識不足でベンダーから高いパッケージを購入させられたり、データ加工費として高額な金額を取られる例を見ているので、総務省の提供しているプラットフォーム(東京大学で実証実験に参加)をもっとPRしていただきたい。
またデータ共通語彙基盤においても、経産省が進めているものを
浸透させていただきたい。

やらなくても死なない仕事、住民の為になるのかわからない仕事、
これがオープンデータが地方で進まない原因であるので、
国のデータ政策の流れを丁寧に説明し、必要性を自治体に理解してもらいたいです。


"
2018,01395,"推奨データセットのうち「消防水利施設一覧」は広域消防組合のため、別組織で保有するデータとなります。
広域消防組合へのオープンデータ公開の支援が必要と思われます。
"
2018,03215,"・公開すべきデータ（具体のデータ項目）を推奨データセットとして示してもらったほうが、原課の理解が得られやすく、地方自治体におけるオープンデータの取組が進むものと考えられる。
"
2018,11000,"・推奨データセットは、情報部門へ案内するだけでなく、データ保有課にも案内してほしい。国の省庁間でも連携を図り、他省庁からデータの公開を求める際は、推奨データセットも同時に案内してほしい。
"
2018,12212,"　標準的な仕様を公開することで他団体のデータとの相互利用も促進されると考える。団体ごとに異なる仕様で公開されたデータではオープンデータのメリットがわかりにくい。
"
2018,12225,"推奨データセットについては対応できるものもあるが、本市の権限外のものや国への提出物もある。
公開主体が重複するような場合があると思います。整理が必要ではないでしょうか？
国への提出物をデータセットに合わせてくれれば、そのまま公開できると思います。
"
2018,13105,"推奨データセットについて、アンケートや調査系のデータに関しても方針を示してほしい。
"
2018,13120,"推奨データセットは、「データ項目等を合わせることが望ましいが、必ずしも対応しなければならないものではない」とされている。このため、「推奨データセットに準拠した公開」と言えるためには、「データ項目定義書」にどの程度準拠すればよいのかを明確にする必要がある。
"
2018,13221,"当市では、国が推奨するレイアウト（データセット）に合わせて公開しております。
現在、東京都も取組を進めておりますが、国及び東京都の２種類のフォーマットで公開するとなると、所管課の負担になってしまうと考えています。今後、どのように運用するか（どちらかのフォーマットに合わせるべきか等）を当市検討部会の中で、決定していきたいと考えています。また推奨データセットの更なる拡充をしていただくことで、提供データの判別もしやすくなるのでは、と考えています。

"
2018,14211,"・推奨データセットと類似したデータセットの取り扱いについて。（推奨データセットに倣うよう修正を行うべきか、独自項目及び定義を残し推奨データにマージすべきか。マージする場合のルールなど。）
"
2018,17000,"・「推奨データセットに準拠したデータ」の定義を明示していただきたい。
（準拠すべきルールやフォーマット等がすべて完全に準拠されていないと、「推奨データセットに準拠したデータ」といえないのかどうか）
"
2018,20214,"・ボーリング柱状図が追加されたとのことですが、データ作成や変換などが容易に行える環境が必要であると考えます。
"
2018,20214,"・推奨データセット追加について、本調査で知りました。周知、予告の徹底をお願いします。
"
2018,22301,"飲食店などの民間企業の情報は、データを公開するしないの相手側との交渉、新規開業や閉店した際のデータの更新など、店側の事情に関係することが多い。官側でいちいち情報収集・管理することは面倒なのでオープンデータの担当者としては反対。
"
2018,23100,"推奨データセットの対応を進めるにあたり、消防水利施設一覧など、利用シーンが全国水利台帳しか想定されず、広く市民に公開するメリットがないものについて、データ保有課を説得することが難しい。推奨データセットを示すにあたり、そのデータを公開することによる具体的なメリットや、そのデータが推奨データセットに選ばれた経緯をより分かりやすく提示していただけると、対応が進めやすい。また、推奨データセットとして出すべき範囲も不明瞭で分かりにくいため（イベント情報など）、対応しづらさを感じている。

"
2018,26100,"　「設問No.28」において，当市は「推奨データセットに準拠したデータを公開していない」を選択しています。それは，推奨データセットに近いデータセットはいくつか公開しているものの，そのデータ内の各項目は，本市が独自に設定したものであり，推奨データセットに準拠しているとまでは言えないと判断したことが理由です。

　政府の推奨データセットは，その公開以後，ベータ版の状態が長らく続いていますが，ベータ版では，当市での導入は困難です。
　一旦ベータ版での公開に踏み切った後に，正式版で大きく仕様変更があった場合，追加の予算や人的労力の確保が難しいことが理由です。
　国におかれましては，このような自治体の状況にご配慮いただき，早急に正式版を公開していただくようお願いします。


"
2018,40381,"　推奨データセットやそのデータレイアウトに関する情報提供、データ管理部門との協力体制の確立等問題が多いため、これらをクリアしてゆく必要があります。
"
2018,01304,"　職員に対してオープンデータの知識、理解を深めることが課題としてある。公開することメリットが理解されにくい。
"
2018,01472,"オープンデータの理解が難しく何から手を付けて良いのか不明確であるため着手まで至っていない状況。
"
2018,12227,"　オープンデータの公開拡充にあたり、課題となっているのが、庁内の職員の理解がなかなか得られないことである。それは、二次利用を可能にしてしまうと改竄の可能性があり、市にとって不利益になり得るというものが根底にある。
　そこで、県内の自治体も含めて、庁内的にオープンデータの普及・推進活動はどのように取り組まれているのかが疑問

"
2018,13104,"推奨フォーマットは項目が細かく、オープンデータ化のためのデータを別途用意しなくてはならないため、データ保有課の説得がより難しい。
各自治体の推奨フォーマットでの公開状況や、標準フォーマットを用いた業務効率化の具体的な事例等、データ保有課が推奨フォーマットに合わせたオープンデータを進んでやりたくなるような情報提供が望まれる。

"
2018,20212,"オープンデータの提供、公開を進めていくうえではデータを機械判読可能な形にすることが必要であるが、そのためには、原課が有しているデータを集めることが必要となる。
しかし、オープンデータそのものの認知度が低いため、データを有する原課から協力を得るには、依然、ハードルが高い状況である。
　まず、オープンデータの取組の意義や必要となる具体的な作業について職員の意識やスキルを高めるため、組織内の向けたオープンデータのＰＲを行い、そのうえで、市の保有する膨大な量のデータの中から、どのように優先順位を付けてデータを公開していくかなど、取組を推進に向けた検討をしていきたい。

"
2018,22216,"オープンデータの推進に、最も効果がある取組は、職員の意識改革だと感じています。
社会環境の変化により、ホームページによる情報発信が当たり前となったように、オープンデータの取組も当たり前のこととなると思います。

普段の業務がオープンデータに関連する若しくは関連していると感じる取組が積み重なっていけば、もっと爆発的に推進できるようになると思います。

"
2018,23000,"・庁内の各所属への理解が深まらないため、オープンデータ掲載数が増えていかない。
"
2018,23000,"・理解を深めるには、研修等での必要性の周知・事例紹介、簡易な掲載手段の確立などが必要である。
"
2018,24303,"設問7について、よく理解していないまま答えました。

オープンデータへの取り組みについて、次年度より進めるICT/IoTの推進とあわせて本格検討に入る予定ですが、現在のところ深く理解していないのが現状です。

"
2018,26204,"システム担当課以外の部署では、オープンデータについての必要性や効果等の理解が低い。
先行自治体の成功例等を積極的に情報発信し、広く必要性や効果が認知されるようにしていただきたいです。
"
2018,40348,"首長に対しては、市町村長研修などを通じてオープンデータに関する理解の向上を促すよう検討していただきたい。
"
2018,47313,"村ＨＰで公開しているデータ（税関係申請や住民票申請、農地法関連手続き等）とオープンデータとして公開する内容等の違いが不明。
"
2018,11100,"現在当市のオープンデータは自由利用で報告義務もないため、どのように活用されるかが不明確である。オープンデータを公開することでどのように活用されるかの事例があれば、公開の意義が見え、公開が進むと考えられる。
"
2018,12220,"オープンデータの先進的な活用事例の公開を引き続き望みます。
"
2018,14207,"オープンデータの公開に当たって、公開することによるメリット・デメリットが
分からないことから、自発的な公開が進まないと考える。
そのため、他自治体等での活用事例を踏まえて、推奨データセットを拡充いただければ、オープンデータを取りまとめる担当課が調整しやすくなると考える。
また、オープンデータについては、国等がその施策を推進してからある程度の期間を経過しているので、そのデータを活用したアプリ等は、沢山あると思われる。
そのようなアプリを紹介いただき、「このようなアプリの作成に役立つので公開して欲しい」というようなアプローチが出来れば、公開も進むと考える。


"
2018,17202,"当市規模の自治体で、オープンデータを利用する人物像をより具体的に知りたい。利用方法や活用実績、さらに欲しい情報など、オープンデータがどのように利用され、どのような効果があるのかを、一職員が肌で感じることができる身近なレベルでの事例が欲しいです。

"
2018,19429,"小さい自治体でも導入するメリットが分かれば検討していく流れになると思われます。
実例のなかでもさまざまな規模の自治体にあったオープンデータの活用について情報提供をいただきたいです。
"
2018,20425,"村内の企業にオープンデータの活用を期待するのは難しく、活用できる企業の参入も期待できないため公開を進めにくい状況です。
同様な過疎地域で活用されている事例があると検討、説得しやすいです。
"
2018,20446,"　オープンデータ公開において国が推奨するデータ項目については、それぞれの自治体ホームページに掲載されている内容がほとんどであり、オープンデータとして改めて整備する必要性が不明確な部分が多いが、利活用の事例等の積極的な公表をお願いしたい。
"
2018,23000,"・オープンデータ100などで活用事例が増えていけば、自己の業務結びつく可能性が高くなり、各所属への意識向上につながると考える。
"
2018,23236,"データを保有している現課にデータのオープンデータ化及び公開の意識が定着しない。要因の一つとしてオープンデータを公開することのメリットが見えにくく、事務の必要性を感じていないことがある。オープンデータの活用事例の充実が望まれる。
"
2018,40000,"・自治体職員にメリットのある先進活用事例
"
2018,40202,"過疎地域や人口10万人程度以下の自治体において、どのようなデータを公開することで、それを行政や民間企業がどう活用するのか、また成功例があるのか、より多くの事例を紹介していただきたい。
"
2018,05204,"カタログサイトではなく、マイナポータルのような全国市町村が利用できるオープンデータのポータルサイトがあれば、比較されることになり、取組が加速されるのでは？
また、オープンデータ公開に必要な利用規約やＣＣライセンスなども共通で利用できればよい。
"
2018,10201,"国がオープンデータサイトを開設し、全国自治体が指定のデータフォーマットを張り付けられるようにしてはいかがか。全国のオープンデータが一サイトに同種類・同フォーマットで並んでいるほうが利用者としては使いやすいのではないか。各地で様々なレベル感のオープンデータサイトが乱立するのは、オープンデータ普及の観点においても望ましくないと考える。

"
2018,11000,"・民間等のデータ利用者は、個々の自治体のデータより、全国のデータを求めているケースが多い。オープンデータを公開するカタログサイトは国が用意し、全国の自治体が一元的にデータを公開できないのか。
"
2018,18202,"DATA.GO.JPのデータセット登録を、各地方公共団体にも開放していただけませんでしょうか。
推奨データセットを配布するのでしたら統一して公開する場所が必要だと思います。
"
2018,18206,"オープンデータとして公開するデータは即時提供可能なものであるべきです。使われるのかどうかわからないオープンデータを作成するために、都度関係各課に照会をかけてデータを作成しているのでは、業務負担が大きい他、鮮度を保つのが困難です。そのためには、地方自治体の業務システムの自治体クラウド化を推進するのではなく、地方自治体の業務システムを国が一括で提供し、そこからオープンデータを自動的に公開するようにすべきだと思います。

"
2018,28201,"　本市では、現在市ホームページでオープンデータを公開していますが、利用者の利便性を考えるとデータカタログサイトでの公開が望ましいと考えています。しかし、予算部門の理解が得られにくく、システム導入が難しい状況です。
　国では推奨データセットとしてデータ項目についても標準的なフォーマットを用意していただいていますが、全国の自治体がオープンデータを公開する場として、国が用意したカタログサイトへの掲載や負担金などでの共同運営についてもご検討いただければ、オープンデータの取組みも推進しやすくなるかと思われます。

"
2018,28481,"これまで自治体単位で基幹系等のシステムを導入し、膨大なコストと業務が発生していました。そして、そのシステムを他自治体と共同利用する段階で、さらなるコストと調整に時間を取られています。各自治体でのオープンデータの提供・公開の推進だけではなく、政府主導でのオープンデータプラットフォームの構築を実現していただきたい。

"
2018,29203,"コストが発生しないよう担当職員で取り組める方法として、推奨データセットを公開している。それ以上に、地図等でわかりやすく公開するには、各団体がそれぞれシステムを導入し、バラバラで公開するのではなく、国が各団体からデータを集めて、国１本で公開すれば良いのではないでしょうか。

"
2018,40000,"・複数の住所及び番地から緯度・経度を一括で変換でき、地図上で調整、CSVで出力できるジオコーディングのツールを国で整備していただけると非常にありがたい。オープンデータ化が大きく進むと思われる。
※Google Mapのジオコーディングは利用規約上Google Map以外で使うのが難しく、東大のジオコーディングはマップ上で調整ができないため。もしすでにそのようなツールがあるのなら情報提供いただきたい。

"
2018,42000,"オープンデータの公開にあたり、大きな課題となっているのはデータの「加工」と「更新」の手間です。RPAの導入や新たなシステム等により改善の可能性があると思いますが、行政のデジタル化、データの標準化につながる取り組みでもありますので、各自治体で個別に行うのではなく、国全体として共通化したシステムを構築、展開していただけると助かります。

"
2018,11327,"埼玉県オープンデータポータルサイトに掲載している情報がどの程度使われているのか知りたい。どういった情報が有用なのか。
"
2018,14211,"・利活用推進を行う際の各機関へのアプローチ手法。
"
2018,16205,"活用事例(結果)だけでなく、活用に向けた取組や行っている団体の情報
"
2018,21202,"・利用が進まないと、公開も進まない。民間利用促進施策の充実をしてほしい。
"
2018,28212,"原課などにオープンデータの説明がしやすくなるため近隣などで本市のオープンデータを利活用していただける団体などの情報があればいただきたい。
"
2018,29209,"・前述の通り、少なくとも推奨データセットの利活用が進まないと、全体の施策が逆効果（せっかく対応したのに、結局使われない）になりかねない。強力組織を幻滅させないためにも、特に事業者による利活用促進をお願いしたい。
"
2018,32000,"・地域性（当県のように地方部、日本海側であり3大都市圏とは異なる産業構造等）を考慮した民間企業等のオープンデータに対するニーズ調査やマッチング等の支援をしていただきたい。
"
2018,32000,"・県庁内各部署にオープンデータに対する理解を得る一つの方法として、庁内でのオープンデータ利活用も有効であると考えており、こうした取組みに資する支援等をしていただきたい。
"
2018,38202,"・データを利用してくれる、地元企業などが現状非常に少ない。
"
2018,44201,"行政のデータ公開については積極的に進めていく環境が整っている一方で、データの利活用については十分に機運が高まっていないように感じている。
データを利活用してくれそうな民間企業や大学等に対して、データ利活用を促すことができるような企画や補助制度など、官民を結びつけるような国からのサポートがあると心強いと考えている。

"
2018,01100,"オープンデータそのものに関する基礎的な研修に加え、職員がデータ活用・分析（EBPM、プログラミング、統計など含む）を学ぶための研修や支援をお願いしたいと思います。
"
2018,13227,"現在、一時的に東京都のカタログサイトを使用し公開している状況である。今後、当自治体の公式サイトで公開するにあたり、具体的な手順や参考となる資料がほしい。
"
2018,20383,"今後どのように進めていくべきなのか分からない。
"
2018,23205,"オープンデータの利活用促進に向けてどのような取り組みをしたらよいか情報提供や支援があるとよい。
"
2018,23230,"・庁内でのオープンデータを推進するため、職員向けにオープンデータの利活用方法を効果的に周知する方法（研修プログラム等）を提供して欲しい
"
2018,26206,"　厳しい財政状況でも、オープンデータを公開・更新し続けられる持続可能な取り組み方法等に関するノウハウや事例等。
"
2018,40204,"県取りまとめページの詳細、公開手順等について深く知らないので、ご教授いただきたい。
"
2018,42210,"本市として、今後、オープンデータに取り組むに当たり、地方公共団体向けオープンデータ研修の開催を行っていただきたい。
準備から掲載までご指導をお願いしたい。
"
2018,46532,"オープンデータ作成・公開の作業支援情報の提供
"
2018,20323,"利用規約やルール、説明を附して公開できるよう庁内での調整および検討に取組みたいが、担当する人的リソースがない。
"
2018,20446,"　オープンデータの取り組みにあたり、財源や人材確保の問題がある自治体では、積極的に取り組む余裕がない。
"
2018,21211,"厳しい財政状況・人手不足のため、費用対効果と即効性のある事業でないと着手しずらい環境となってしまっており、余裕のある団体での効果的な事例をそのまま使わせていただくような対応しか現状できないと思われる。
"
2018,26367,"小規模な自治体であるため、オープンデータをどのように利活用できるか検討できないため、国や府から財的並びに人的な支援をして頂きたい。
"
2018,29402,"取り組みを進めるにあたり、オープンデータに対する理解・解釈および、人員リソースが不足しているので支援してもらいたい。また、費用を要するのであれば財政的支援も願いたい。
"
2018,36405,"職員数の少ない町村においては日々の業務に追われ、オープンデータに対応する余裕がありません。
マイナンバーやセキュリティ対策等で年々業務量が増加している現状を踏まえ、人口規模に応じた情報関連部門の必要職員数を示していただだければ、人員の確保から対策を開始できると思います。

"
2018,43100,"職員のオープンデータに対する理解を深めるだけでなく、オープンデータ化及びオープンデータの利活用ができる人材を庁内で確保する必要がある。
"
2018,43404,"本町では慢性的にマンパワーが不足しており、日常業務をこなすだけで手一杯である。オープンデータというプラスアルファの業務をするまでの余裕もなく、担当部署も決まっていないし、庁内での検討も進んでいない。中小規模自治体のほとんどは本町と同様の状況ではないだろうか。
国や県が財政的・人的支援を強力に行わないと、オープンデータの公開は進まないと思う。

"
2018,47359,"オープンデータに関する知識等及び人員が不足していることから、専門員の派遣や委託業務等を行う財政的支援が必要。
"
2018,10000,"　推奨データセットに準拠すると、データを保有する所属の事務が増えるため、データの公開が進まない。現段階では、推奨データセットにこだわらず、所属が保有するデータをそのまま公開する方が良いと考えている。
"
2018,12224,"オープンデータを作成して公開した後もデータ活用に利するためにはデータ更新を定期的に行う必要があるが、気づかずに放置されたデータとなってしまう可能性があると考えている。
"
2018,13106,"各自治体は、推奨データセットに準拠した形式でデータを保有しているのではないことから、推奨データセットに準拠した形で公開するためには、手作業でデータを修正する必要があるのが現状である。
手作業が必要であるということは、自治体の負担が大きいことは当然として、データの精度や更新頻度にも影響があり、データを利用する方々に対しても不利益が生じることととなる。

本来、オープンデータは、国や自治体が保有するデータをオープンライセンスの元、公開する取り組みであり、オープンデータのためにデータを作る取り組みではないと考える。そこで、以下のような取り組みを国においても検討願いたい。

１　推奨データセット作成支援ツールの提供

２　パッケージソフトに推奨データセットに準拠した形式でデータをエクスポートする機能の追加をするよう、IT事業者への働きかけ


"
2018,13203,"「今あるものをなるべく手間と費用をかけずに出す」ことを基本としている。推奨データセットに沿った形での公開には、手間も費用も掛かるため、現状では難しいと考える。
"
2018,27216,"オープンデータを作成し、それを推奨データセットに準拠して最新情報に更新し続けるのは、各担当課の事務負担が増加してしまう。
"
2018,43100,"各部署が持っているデータの作成、オープンデータに公開にあたりのデータ加工、提供等の作業による業務負担の増大が、取組阻害要因として大きいと考えられる。
"
2018,01230,"RDFの作成方法を記載した資料を提供していただきたい。
"
2018,06210,"オープンデータを４つ星、５つ星のデータ形式に変換する方法がわからない。
"
2018,13105,"APIについて、ガイドラインの整備やセミナー等で情報提供してほしい。
"
2018,13201,"PDF形式など、より利活用されやすいデータ形式のオープンデータを作成する手順・方法、また、作成の支援
"
2018,14211,"・５スターオープンデータ５段階基準における４段階以上への対応方法に関する知識及び技術。
"
2018,20214,"・RDFなどに適した形式に容易に変換できるツールがあると推進しやすいと考えます。
"
2018,01367,"オープンデータの利活用を希望する事業者等は、可能な限り一定のまとまったエリアや経済圏域等のデータを求めていると考えるため、一市町村単独での取組みよりも近隣団体との共通認識や連携により進める必要性があると思う。
"
2018,05207,"ひとつの自治体が提供できるオープンデータのエリアカバー率では、ビジネスモデルになりにくいと思いますし、市や県・国機関で持つ行政データを掛け合わせなければ、有効活用できるデータが生み出されにくいと考えていますので、民間の利活用に当たっては、広域的な取り組みで進められることをご検討ください。
"
2018,26303,"京都府のご尽力により、第７回オープンデータリーダー育成研修受講の際、府内市町村において公開するオープンデータが全て公開されました。これを皮切りに定期的に市町村職員が集まり、オープンデータとして推奨される情報を各市町が持ち寄って、同時に公開する取組があっても良いのではと考えられます。市町村ごとに、公開する情報に差異が生じることは、公平性が担保できなくなることがあらかじめ想定され、今後そういったことが問題認識されるのであれば、一挙に府内市町村同時に事業を進めて方針を打ち出すことも可能ではないかと思います。同じ手順を踏みながら進めて行くことで、その都度市町村間で情報を共有することも可能であり、効率的にこの事業の趣旨に沿って進めて行くことができるものと考えられます。


"
2018,28204,"基礎自治体が単独で公開するデータでは効果が少なく、用途も限られているため、フォーマット共通化やカタログサイトの連携・統合といった広域での面的な取り組みが必要と考える。
"
2018,29209,"・オープンデータ活用推進には、データへのアクセス方法を統一化する必要があると感じられる。現状は、自治体によって公開方法がバラバラであり、せっかく整備した推奨データセットであっても、広域では使う気になれない。まずは事業者が「使いたい」と思える環境整備が必要だと考えられる。
"
2018,38202,"・単一、自治体レベルで公開しても、利用価値・効果が薄いように感じる。
"
2018,08000,"本県においては，平成27年2月からオープンデータを公開しており，基礎的な統計，医療・福祉施設，事業者情報などを中心にデータセット件数を拡充しているところです。
しかしながら，民間事業者が求めるオープンデータが不明確であり，公開しているデータが有効に活用されていないといった課題があります。
このため，オープンデータを活用する民間事業者や活用したいデータ等を募集するにあたり，会議の場でチラシを配布し，周知活動を行っているところですが，現在，提案・要望等がない状況となっております。
ついては，さらなるオープンデータの取組を進めるにあたり，オープンデータを活用する民間事業者の紹介やデータを活用する民間事業者の掘り起こし等に関する支援策が必要と考えております。


"
2018,14211,"・公開データのニーズ調査手法、調査対象の選定方法。
"
2018,20417,"オープンにしてよいデータが何なのかが分からない。
民間業者からも問合せがあるが、公費で作成してもので無償で良いのかまた、近隣町村と相談しても対応がまちまちである。
"
2018,40215,"オープンデータを推進する際、どこから取り組むべきですか。現時点で、オープンデータ化している多くの市町村は、どの分野（防災・観光など）から取り組んだのか知りたいです。
"
2018,01208,"準拠する利用規約（案）の作成に向けて、先進団体の利用規約を確認しているところですが、規約の体系として、「政府標準利用規約」、「クリエイティブコモンズ」、「自団体で策定」の内、どの利用規約の体系を採用して策定されているのか良くイメージができませんでした。
規約策定に際しまして、参考事例等がございましたら資料提供いただきたいです。

"
2018,03205,"・オープンデータ公開に係る利用規約及び運用ルールのひな型があると、作成する際に参考にすることができると考えます。
"
2018,20323,"ホームページで各課で保有しているデータを公開しているが、データを公開しているだけで、推奨データセットに準拠したものでもなく、オープンデータの公開に際した明確な規約も定めていないため、自由な利用が制限されるためオープンデータの取組みまでいたっていない。
"
2018,23230,"・人事異動等の影響を受けずに、継続的な業務推進の方法
"
2018,29361,"現在オープンデータを提供している団体で、データの間違いやデータ更新が遅いなどでトラブルになった事例やリスクについて、情報提供してほしい。
"
2018,34214,"情報公開条例との兼ね合いがあるのではないかと思うが、他の自治体がどのような整理を行っているのか。
"
2018,40605,"諮問24の回答の通り、本町はほぼ全ての支援が必要な程、人的にも予算的にも足りておらず、また、情報不足により原課等への理解を得るための説明が出来ない状況であります。　よって本町としては、既に導入している他の同規模な町村の導入経緯また予算等の情報を希望します。

"
2018,42211,"複数課にまたがることから、どのような組織形態とするべきか、他自治体の状況を知りたい(取りまとめを行っている課、官民データ活用計画の策定状況など）
"
2018,06207,"機械読み取り可能な形でのデータ提供がオープンデータの特徴であると思うが、一方でAIなどの発達によって、オープンデータで推奨されている形式ではない、紙媒体そのもの、非文字データなどの読み取り範囲が拡大すれば、オープンデータとして提供する必要がなくなるのではないか、とも思う。

"
2018,09202,"統計データにおける、「不明（調査不能等）""…""」や「秘匿""ｘ""」について、政府の統一的な取り決めがされていない。
"
2018,12100,"　どうしてもオープンデータを作ることに意識が行きがちだが、国・県・市・企業等の各レイヤーがオープンデータを使って何を達成しようとしているのか、どのような状況になるのが望ましいのか等のビジョンを共有しながら進めて行くべき。
　地方に行くほどオープンデータ取組自治体が少ない状況や、オープンデータのマネタイズに成功した事例が出てこないのは、各レイヤーにおける合意形成が後回しになっているせいではないかと考えられる。

"
2018,12224,"オープンデータを進めるにあたりデータ作成をする人経費やシステム開発費が必要になってくると考えられるが、純粋に経費が増大すると考えらえれるため予算取りが困難である。
"
2018,13119,"　オープンデータの公開促進にご尽力いただきありがとうございます。
　板橋区においてオープンデータの公開を促進するにあたり、課題となっているのは以前から実施している「情報公開」と、機械判別が可能で誰しもが二次利用できる「オープンデータの公開」の住み分けです。
　本調査において、設問【No.20】の回答肢に「予算・決算・調達に関する情報」や「議会や各種会議の議事録」があります。板橋区においてこれらの情報は情報公開の一環としてホームページ等で公開しておりますが、機械判別可能で誰しもが二次利用できる「オープンデータ」としての公開はしておらず、また、これらの情報をオープンデータとして公開する際のデータフォーマットがどのようなものになるのか、見当がつかない状況にあります。
　自治体によって「情報公開」と「オープンデータの公開」の認識の違いにより、調査の回答に差が生じると思われます。
　次回調査においては、各自治体が共通的な認識を持って回答できるようにしていただけると幸いです。


"
2018,14366,"・民間企業等へのオープンデータの浸透度。
"
2018,14366,"・今後の動向。
"
2018,21604,"県からオープンデータのためとして情報提供依頼があったものについて県に提出していますが、この場合オープンにするのは県であり村としてオープンにしていないので、このアンケートでは実施していないとしています。
"
2018,23221,"共通で使用できるＲＰＡを提供いただけると、予算や業務負荷なくオープンデータ化でき、かつ推奨できていくと思います。
"
2018,23230,"・中央省庁や都道府県が行う調査結果をオープンデータとして出して欲しい
"
2018,23442,"Googleマップでルート検索した際に、全国の公共交通バス（コミュニティバス）の情報も含めて市町村を跨いた形で検索結果として表示されるようになると、観光や地域活性化につながるのではないか。
"
2018,28204,"利活用の推進においては、アプリコンテストやプロトタイプ開発といったその場限りの取り組みだけでなく、関係者の利益が継続的に得られ、無理なく持続可能な仕組みの検討が必要と考える。
"
2018,28220,"　すでにHP上で公開している情報も多いことから、２次利用可能な旨の明記でオープンデータ化できると考えていますが、何か見落としがあり、将来に不利益が発生しないかという漠然とした不安を感じています。

　このポイントを押さえておけば問題ないと言えるようなチェックリストがあれば大変心強く感じます。

　まずは公開しているデータをオープンデータ化し、質と量はその後順次向上させたいと思っています。

"
2018,33202,"現在のオープンデータの取り組みは、公開の有無、データ数、取り組みの体制に着眼されており、データの品質（正確性、内容的充実度 等）は一切問われることはない。推奨データセットのような基幹的なデータの公開が進めば、それに伴い品質的な責任が問われる場面も想定される。今後は、オープンデータの認証制度のようなものを設け、審査/監査を受けることで一定の品質を担保する考え方も必要とされてくるのではないか。

"
2018,36489,"過去に庁内で検討も実施したが、多くのデータに公開できない部分があり、クレンジングの手間が必要なうえ、定義づけの問題も発生し、マスキングしてしまうとデータの利用価値がなくなることが判明した。
"
2018,36489,"位置情報などは民間サービスでも充実しており大多数はそちらを利用している。殊更自治体がデータとして公開するまでもない。
町村では統合型GISが未整備の自治体が多く、オープンデータとして利用価値が高い位置情報をそもそも持っていない。オープンデータの推進を図る前に、統合型GIS整備への補助金を拡充する方が早い。オープンデータとしての公開を補助の条件にしてもよいと思う。

"
2018,40210,"オープンデータに関する事項を統括する部署がない。
"
2018,47201,"制度や公開ルール等（特に共通語彙基盤）がわかりにくく、また、関連サイトが乱立しているため、推進が難しい。ガイドライン等は明確かつシンプルなものにしてほしい。
"
2018,04000,"今回のアンケートでは東北総合通信局から協力依頼があったが、オープンデータの推進に当たって、内閣官房と各総合通信局の役割はどのように分担されているのか。
"
2018,05000,"・推奨データセットの項目にある「緯度」・「経度」情報はどこまでの精度の情報を記入する必要があるのか。（例えば、google map上でおおよその位置をプロットし、プロットした位置の緯度・経度を記入する程度のものでよいのか。）
"
2018,08227,"本市においては、12月20日よりオープンデータの公開を実施したところです。まずは推奨データセットの公開に向けた取り組みを進めておりますが、各種一覧の位置情報として「住所」だけでなく、「緯度・経度」も可能な限り記載したいと考えております。現在、インターネット上で探してみても、変換ツールなどはなかなか見当たらないため、推奨ツールなどございましたら、ご教示いただきたく存じます。

"
2018,17000,"・「公共クラウドシステム」について、今後、「観光情報」以外のジャンルを拡大していく予定があるのか。
"
2018,25201,"共通APIの進捗状況はどうなっているのか。
"
2018,35305,"ホームページで既に閲覧できる町内情報をオープンデータだと位置づけしてはいけないのでしょうか。
"
2018,04213,"　オープンデータに関して職員のスキルが不足している。研修会やセミナーに参加し、容易にできるものから公開していきたい。
"
2018,20202,"公開するデータを今後も増やしていくことを目標としています。
"
2018,23000,"・現在、オープンデータカタログサイトの運営を行っているが、インデックス化できない、メタデータの掲載もできない状態であり、ＣＭＳと連携したパッケージ品の導入を検討している。自治体向けにどのような製品が存在し、使い勝手などの面、各自治体がどのような製品を導入しているかなどを調査して行きたいと考えている。

"